"first_name","last_name","email","city","state"
"Nell","Abdy","nabdyec4@fema.gov","New York City","NY"
"Thomasine","Absolon","tabsolonomk@forbes.com","New York City","NY"
"Ram","Acheson","racheson1ai@bloglovin.com","New York City","NY"
"Pru","Achrameev","pachrameev2sr@example.com","New York City","NY"
"Jandy","Adamowicz","jadamowiczb1w@clickbank.net","New York City","NY"
"Kati","Adrian","kadrianeem@51.la","New York City","NY"
"Orly","Aers","oaersx61@redcross.org","New York City","NY"
"Bradney","Aglione","baglionee5n@usgs.gov","New York City","NY"
"Mellicent","Ainslee","mainsleeir0@abc.net.au","New York City","NY"
"Fergus","Aireton","fairetonq16@yellowpages.com","New York City","NY"
"Ugo","Aldam","ualdamhnc@wikimedia.org","New York City","NY"
"Fairlie","Allport","fallportjgi@php.net","New York City","NY"
"Arvin","Ambroix","aambroixh9h@liveinternet.ru","New York City","NY"
"Lorine","Ambrosini","lambrosinipff@bigcartel.com","New York City","NY"
"Goddart","Ameer-Beg","gameerbeg74t@epa.gov","New York City","NY"
"Clevie","Amor","camorfsk@networkadvertising.org","New York City","NY"
"Issy","Andrieux","iandrieuxsj@dell.com","New York City","NY"
"Ev","Angelo","eangelog9w@timesonline.co.uk","New York City","NY"
"Griffy","Angelo","gangelolhl@howstuffworks.com","New York City","NY"
"Sim","Annandale","sannandale8xb@edublogs.org","New York City","NY"
"Starla","Anten","santenlc2@jiathis.com","New York City","NY"
"Melloney","Antonutti","mantonuttiagw@free.fr","New York City","NY"
"Skelly","Arnaudon","sarnaudon4mj@yahoo.com","New York City","NY"
"Josselyn","Arthur","jarthurzlz@lulu.com","New York City","NY"
"Garth","Ashington","gashington2p5@google.ru","New York City","NY"
"Egan","Aspland","easplandfld@ihg.com","New York City","NY"
"Mirabel","Atterley","matterleym75@netscape.com","New York City","NY"
"Jonathan","Atwell","jatwellpvl@dagondesign.com","New York City","NY"
"Clim","Axworthy","caxworthyygr@un.org","New York City","NY"
"Brooks","Babbage","bbabbage10uw@qq.com","New York City","NY"
"Giusto","Backe","gbacke1f@digg.com","New York City","NY"
"Rodrick","Baguley","rbaguleypve@webs.com","New York City","NY"
"Paten","Barfitt","pbarfittphy@cafepress.com","New York City","NY"
"Amanda","Barth","abarth1282@mapy.cz","New York City","NY"
"Gal","Barwise","gbarwisek2e@godaddy.com","New York City","NY"
"Jasmine","Basili","jbasili9rg@redcross.org","New York City","NY"
"Evelin","Bateman","ebatemanieh@gizmodo.com","New York City","NY"
"Jaimie","Bazelle","jbazelleywd@mlb.com","New York City","NY"
"Juliet","Beadles","jbeadlesti@time.com","New York City","NY"
"Marabel","Beddie","mbeddieyai@yelp.com","New York City","NY"
"Darnell","Beecham","dbeechampyj@ft.com","New York City","NY"
"Sebastien","Beeck","sbeeckvvu@exblog.jp","New York City","NY"
"Lina","Beet","lbeet9kh@cpanel.net","New York City","NY"
"Keeley","Befroy","kbefroytg0@amazonaws.com","New York City","NY"
"Davis","Begent","dbegentqca@bing.com","New York City","NY"
"Brittany","Bein","bbeinc2o@dailymail.co.uk","New York City","NY"
"Federica","Bellini","fbellinigpw@quantcast.com","New York City","NY"
"Benton","Benbow","bbenbow2su@apple.com","New York City","NY"
"Idalia","Benbrick","ibenbrickqxi@webs.com","New York City","NY"
"Vinny","Berrill","vberrillgsu@phoca.cz","New York City","NY"
"Artair","Betchley","abetchley4h@dagondesign.com","New York City","NY"
"Evvie","Biddles","ebiddlesgbo@prnewswire.com","New York City","NY"
"Molly","Bilston","mbilston8j9@nifty.com","New York City","NY"
"Diena","Birt","dbirt3nl@independent.co.uk","New York City","NY"
"Fidole","Blankett","fblankett6s1@over-blog.com","New York City","NY"
"Nickolai","Blaycock","nblaycockwce@slashdot.org","New York City","NY"
"Karie","Blenkinsopp","kblenkinsoppcro@blog.com","New York City","NY"
"Corbett","Blincoe","cblincoeshe@domainmarket.com","New York City","NY"
"Thorn","Blumfield","tblumfield9e8@google.ca","New York City","NY"
"Benjamin","Bollom","bbollomuss@qq.com","New York City","NY"
"Ervin","Bonde","ebonde3ty@fema.gov","New York City","NY"
"Clarence","Boughton","cboughton9ti@redcross.org","New York City","NY"
"Che","Boulding","cbouldingyrh@qq.com","New York City","NY"
"Allyn","Boyn","aboynurm@oakley.com","New York City","NY"
"Storm","Braganca","sbragancazy6@rakuten.co.jp","New York City","NY"
"Ketty","Brastead","kbrastead4r6@tuttocitta.it","New York City","NY"
"William","Bratt","wbrattlzp@quantcast.com","New York City","NY"
"Harli","Brewett","hbrewettc2g@archive.org","New York City","NY"
"Dannie","Briars","dbriarsotm@mit.edu","New York City","NY"
"Lanny","Brickham","lbrickham6yr@ted.com","New York City","NY"
"Brittani","Bridel","bbridelb84@springer.com","New York City","NY"
"Deonne","Bridel","dbridel9h4@goo.ne.jp","New York City","NY"
"Phil","Brilon","pbrilonoug@blog.com","New York City","NY"
"Rafaello","Brimson","rbrimson53l@netvibes.com","New York City","NY"
"Earl","Broad","ebroad2mg@sciencedaily.com","New York City","NY"
"Byrann","Brockest","bbrockestdpt@jigsy.com","New York City","NY"
"Teri","Brozsset","tbrozssetrtw@clickbank.net","New York City","NY"
"Marielle","Brunicke","mbrunickem27@usa.gov","New York City","NY"
"Hester","Buckel","hbuckel8y7@posterous.com","New York City","NY"
"Hillie","Bullus","hbullus4ea@symantec.com","New York City","NY"
"Leonhard","Burgoin","lburgoinhux@tripod.com","New York City","NY"
"Merle","Buttwell","mbuttwelldnm@berkeley.edu","New York City","NY"
"Travis","Cable","tcablev5l@usnews.com","New York City","NY"
"Julieta","Caddie","jcaddiengc@accuweather.com","New York City","NY"
"Arri","Cainey","acaineyvun@jimdo.com","New York City","NY"
"Gerrie","Campo","gcampolv0@vimeo.com","New York City","NY"
"Shae","Cannam","scannam12ij@ucla.edu","New York City","NY"
"Lyndsey","Cappel","lcappelx2b@seattletimes.com","New York City","NY"
"Noe","Capper","ncapperjmd@tripod.com","New York City","NY"
"Brendis","Carayol","bcarayolpwz@tripadvisor.com","New York City","NY"
"Ethelred","Carrodus","ecarrodusw2x@sciencedaily.com","New York City","NY"
"Lezley","Carruthers","lcarruthersts5@wired.com","New York City","NY"
"Consuela","Carwithan","ccarwithancm1@sbwire.com","New York City","NY"
"Tessa","Casbourne","tcasbourne12hr@msn.com","New York City","NY"
"Anastassia","Caseley","acaseley7kj@twitpic.com","New York City","NY"
"Owen","Castagnone","ocastagnone567@slate.com","New York City","NY"
"Glynn","Castana","gcastana58r@samsung.com","New York City","NY"
"Brodie","Castenda","bcastendabo9@dmoz.org","New York City","NY"
"Biddy","Cato","bcatoc5q@dedecms.com","New York City","NY"
"Sallyanne","Caveney","scaveneyk4p@feedburner.com","New York City","NY"
"Nicola","Challes","nchalleshz4@a8.net","New York City","NY"
"Jillane","Charlet","jcharlet1yz@admin.ch","New York City","NY"
"Jessey","Chevins","jchevinsfgg@sogou.com","New York City","NY"
"Averil","Chipping","achippingkhr@mit.edu","New York City","NY"
"Valentijn","Christoffels","vchristoffelsb8z@pcworld.com","New York City","NY"
"Maurita","Churm","mchurmuab@wisc.edu","New York City","NY"
"Ky","Cinelli","kcinelli110z@ca.gov","New York City","NY"
"Mackenzie","Clair","mclaircks@jalbum.net","New York City","NY"
"Cal","Clery","cclerywqx@163.com","New York City","NY"
"Banky","Cleyburn","bcleyburnuv2@statcounter.com","New York City","NY"
"Kort","Clitsome","kclitsomeawq@nih.gov","New York City","NY"
"Dante","Clorley","dclorleyftg@nbcnews.com","New York City","NY"
"Timothy","Clowney","tclowney5aj@hud.gov","New York City","NY"
"Christin","Cobby","ccobbyg01@bing.com","New York City","NY"
"Nikki","Cohani","ncohaniar0@tuttocitta.it","New York City","NY"
"Lucina","Conibear","lconibearm5f@skype.com","New York City","NY"
"Cirstoforo","Conley","cconleytqz@networkadvertising.org","New York City","NY"
"Vasili","Copestick","vcopestickcln@hostgator.com","New York City","NY"
"Ody","Coram","ocoramdrf@1und1.de","New York City","NY"
"Mufi","Cordelle","mcordelle11zk@alexa.com","New York City","NY"
"Sapphire","Corriea","scorrieavfx@last.fm","New York City","NY"
"Genni","Cosgreave","gcosgreaveb3g@163.com","New York City","NY"
"Eugenie","Couldwell","ecouldwellj4n@sciencedirect.com","New York City","NY"
"Lazaro","Coultish","lcoultishtui@linkedin.com","New York City","NY"
"Cy","Cowburn","ccowburnpi3@indiegogo.com","New York City","NY"
"Paolina","Cowles","pcowlesp9u@alexa.com","New York City","NY"
"Queenie","Creenan","qcreenanw1p@accuweather.com","New York City","NY"
"Paquito","Creser","pcreser10og@nbcnews.com","New York City","NY"
"Edgar","Crickmore","ecrickmore9b0@canalblog.com","New York City","NY"
"Maia","Cripps","mcrippscut@jimdo.com","New York City","NY"
"Lock","Cristea","lcristeaywn@shutterfly.com","New York City","NY"
"Zondra","Cristofol","zcristofolxtj@cnet.com","New York City","NY"
"Sam","Crolla","scrolla4se@oaic.gov.au","New York City","NY"
"Robby","Crook","rcrookvd5@wisc.edu","New York City","NY"
"Gaelan","Crossthwaite","gcrossthwaiteruo@bloomberg.com","New York City","NY"
"Louise","Croughan","lcroughan1156@buzzfeed.com","New York City","NY"
"Danica","Croxon","dcroxone8b@alexa.com","New York City","NY"
"Dari","Cruwys","dcruwys12je@hao123.com","New York City","NY"
"Ethe","Curless","ecurlessbjs@google.com.hk","New York City","NY"
"Ogden","Cusack","ocusackq82@ovh.net","New York City","NY"
"Colette","Cuttings","ccuttings1272@mysql.com","New York City","NY"
"Marthe","D'eye","mdeyee6l@purevolume.com","New York City","NY"
"Alvira","D'Orsay","adorsayca5@time.com","New York City","NY"
"Jephthah","Dafydd","jdafyddwfd@mashable.com","New York City","NY"
"Kearney","Dain","kdaineze@live.com","New York City","NY"
"Clem","Danbi","cdanbi4ql@prweb.com","New York City","NY"
"Cecilius","Danbrook","cdanbrookkrp@surveymonkey.com","New York City","NY"
"Wilfrid","Danihelka","wdanihelkac80@amazonaws.com","New York City","NY"
"Lindon","Dawby","ldawbyjds@ft.com","New York City","NY"
"Jeanna","De Metz","jdemetzr70@bizjournals.com","New York City","NY"
"Michel","De Santos","mdesantosfqq@wikimedia.org","New York City","NY"
"Abelard","De Vere","adevereea9@mapy.cz","New York City","NY"
"Gannie","Dearle","gdearle6pz@yellowbook.com","New York City","NY"
"Brandais","Dearle-Palser","bdearlepalser8hy@dion.ne.jp","New York City","NY"
"Emmaline","Dehm","edehm1041@dailymail.co.uk","New York City","NY"
"Lucille","Delamar","ldelamarjjc@cbc.ca","New York City","NY"
"Padget","Dell Casa","pdellcasapf2@intel.com","New York City","NY"
"Hashim","Delleschi","hdelleschit4i@linkedin.com","New York City","NY"
"Rebekah","Deluce","rdelucer3v@netlog.com","New York City","NY"
"Casey","Deme","cdemeb54@census.gov","New York City","NY"
"Cesya","Denning","cdenning8w2@multiply.com","New York City","NY"
"Ketti","Deport","kdeport6rq@imageshack.us","New York City","NY"
"Terza","Dericut","tdericut12y@google.it","New York City","NY"
"Gladys","des Remedios","gdesremediosu9y@goo.ne.jp","New York City","NY"
"Zared","Di Batista","zdibatistaqck@i2i.jp","New York City","NY"
"Kevan","Diamant","kdiamanthjr@aboutads.info","New York City","NY"
"Farah","Diess","fdiessv6p@dailymail.co.uk","New York City","NY"
"Deva","Dobie","ddobie3v2@taobao.com","New York City","NY"
"Allison","Docksey","adockseyz8w@wsj.com","New York City","NY"
"Bartholomeo","Doers","bdoers3sa@jigsy.com","New York City","NY"
"Rockie","Dog","rdog3yu@patch.com","New York City","NY"
"Harp","Domeny","hdomenyrg7@ft.com","New York City","NY"
"Pier","Dongate","pdongater2p@walmart.com","New York City","NY"
"Akim","Downse","adownsetjj@zdnet.com","New York City","NY"
"Katya","Dreigher","kdreigherfmn@t-online.de","New York City","NY"
"Olive","Drewe","odrewerf7@lulu.com","New York City","NY"
"Barbette","Drohan","bdrohanhlu@wufoo.com","New York City","NY"
"Duffie","Duesbury","dduesbury385@blogspot.com","New York City","NY"
"Gaspar","Duffett","gduffettldi@vkontakte.ru","New York City","NY"
"Mauricio","Dumingo","mdumingo116q@symantec.com","New York City","NY"
"Gordon","Duprey","gdupreyaql@gnu.org","New York City","NY"
"Rivkah","Dyhouse","rdyhouse10lv@gnu.org","New York City","NY"
"Jeane","Dyka","jdykag7w@disqus.com","New York City","NY"
"Garner","Dymocke","gdymockejmf@topsy.com","New York City","NY"
"Row","Eagling","reaglingvtt@scientificamerican.com","New York City","NY"
"Saul","Earwaker","searwakerlai@nytimes.com","New York City","NY"
"Linus","Eason","leason8ht@ning.com","New York City","NY"
"Lena","Easseby","leasseby2n3@independent.co.uk","New York City","NY"
"Rosa","Eastmead","reastmead11vm@google.ru","New York City","NY"
"Iseabal","Ebden","iebden4ev@disqus.com","New York City","NY"
"Kass","Eberts","kebertscpe@domainmarket.com","New York City","NY"
"Freedman","Ebsworth","febsworthxy8@netscape.com","New York City","NY"
"Arv","Echallier","aechallier10a6@chron.com","New York City","NY"
"Tina","Eddins","teddinsqk2@ftc.gov","New York City","NY"
"Dorry","Ede","dedeqc1@godaddy.com","New York City","NY"
"Karoly","Edess","kedessq26@indiatimes.com","New York City","NY"
"Dulcine","Edgcombe","dedgcombe4db@ocn.ne.jp","New York City","NY"
"Caterina","Edgecumbe","cedgecumbe7lg@mlb.com","New York City","NY"
"Leena","Edmeades","ledmeades100b@marriott.com","New York City","NY"
"Ddene","Egle of Germany","degleofgermanydpj@discuz.net","New York City","NY"
"Deanna","Eliet","delieto0b@nifty.com","New York City","NY"
"Berke","Elion","belionr6x@census.gov","New York City","NY"
"Caril","Ellicombe","cellicombe6g3@ucla.edu","New York City","NY"
"Alejandra","Elloway","aellowayikq@msn.com","New York City","NY"
"Francklin","Ellsom","fellsomsr3@pbs.org","New York City","NY"
"Carlotta","Emblin","cemblinrtt@simplemachines.org","New York City","NY"
"Everard","Emson","eemsonqbk@mac.com","New York City","NY"
"Aldis","Enriquez","aenriquez4p0@drupal.org","New York City","NY"
"Dorey","Enstone","denstonechv@amazonaws.com","New York City","NY"
"Delphinia","Entwhistle","dentwhistleuxv@blinklist.com","New York City","NY"
"Ash","Ephson","aephsonv3j@amazon.de","New York City","NY"
"Conrado","Escoffier","cescoffierz1@va.gov","New York City","NY"
"Perceval","Escreet","pescreetr9q@symantec.com","New York City","NY"
"Verge","Esel","veselad@vistaprint.com","New York City","NY"
"Davy","Ethridge","dethridgeb0n@chicagotribune.com","New York City","NY"
"Betta","Fahrenbach","bfahrenbachjz8@census.gov","New York City","NY"
"Orren","Fairpool","ofairpoolkbq@cyberchimps.com","New York City","NY"
"Averyl","Farryn","afarryno38@plala.or.jp","New York City","NY"
"Erna","Fateley","efateleymzw@gmpg.org","New York City","NY"
"Fionna","Fayne","ffaynec30@imdb.com","New York City","NY"
"Mortie","Feares","mfearesl10@nhs.uk","New York City","NY"
"Nert","Felgate","nfelgate797@utexas.edu","New York City","NY"
"Enos","Fernant","efernant9od@ted.com","New York City","NY"
"Gustavo","Fibbens","gfibbenszwp@chronoengine.com","New York City","NY"
"Gale","Figurski","gfigurski10pw@webmd.com","New York City","NY"
"Maire","Filyakov","mfilyakov6a7@taobao.com","New York City","NY"
"Annalise","Fiorentino","afiorentino23y@acquirethisname.com","New York City","NY"
"Magdalene","Focke","mfockev67@vinaora.com","New York City","NY"
"Terrence","Forder","tforderffm@china.com.cn","New York City","NY"
"Sim","Formie","sformiehlj@cdbaby.com","New York City","NY"
"Merill","Forsdicke","mforsdickev4o@imageshack.us","New York City","NY"
"Wilona","Forster","wforster10cn@hhs.gov","New York City","NY"
"Bradney","Forty","bfortyz7h@wikia.com","New York City","NY"
"Lesley","Fouch","lfouch41m@yellowbook.com","New York City","NY"
"Kettie","Fouracre","kfouracreldq@macromedia.com","New York City","NY"
"Davin","Foy","dfoy68d@msn.com","New York City","NY"
"Devland","Frear","dfrearzon@salon.com","New York City","NY"
"Ninnetta","Fredson","nfredson7a4@ca.gov","New York City","NY"
"Leanor","Frenzl","lfrenzlwy4@tamu.edu","New York City","NY"
"Gates","Frichley","gfrichleyzwu@live.com","New York City","NY"
"Rosie","Fulcher","rfulcher6ee@bravesites.com","New York City","NY"
"Lari","Furnival","lfurnivalyo7@geocities.jp","New York City","NY"
"Kelcey","Furphy","kfurphyxz6@reverbnation.com","New York City","NY"
"Fanni","Gaitone","fgaitone288@weather.com","New York City","NY"
"Carlynn","Ganforth","cganforth3ne@purevolume.com","New York City","NY"
"Mallory","Garret","mgarretmux@narod.ru","New York City","NY"
"Gena","Garric","ggarriclud@bluehost.com","New York City","NY"
"Bernetta","Garwood","bgarwoodftv@goo.gl","New York City","NY"
"Ellwood","Gatchel","egatchelohw@nba.com","New York City","NY"
"Daphna","Gather","dgatherx51@wikispaces.com","New York City","NY"
"Lindon","Gauntley","lgauntley3ul@mayoclinic.com","New York City","NY"
"Elayne","Gavozzi","egavozzitq8@moonfruit.com","New York City","NY"
"Kore","Gaymar","kgaymar80s@tumblr.com","New York City","NY"
"Jules","Gellett","jgellett9g0@trellian.com","New York City","NY"
"Brion","Gendrich","bgendrichgsf@google.com","New York City","NY"
"Marylou","Gerhold","mgerhold2s7@dailymail.co.uk","New York City","NY"
"Paxton","Gheeraert","pgheeraertrjd@bravesites.com","New York City","NY"
"Aldrich","Ghidetti","aghidettiuui@cnn.com","New York City","NY"
"Petunia","Ghio","pghiopa3@timesonline.co.uk","New York City","NY"
"Morry","Gidney","mgidneykc3@ox.ac.uk","New York City","NY"
"Hadleigh","Gilffilland","hgilffilland296@cbslocal.com","New York City","NY"
"Gertrude","Giorgini","ggiorginic79@yahoo.co.jp","New York City","NY"
"Barton","Giraldo","bgiraldoh5g@tumblr.com","New York City","NY"
"Alyse","Gittose","agittosekxy@youtu.be","New York City","NY"
"Mira","Glasby","mglasby3z7@google.de","New York City","NY"
"Etheline","Gledstane","egledstane7rm@google.ca","New York City","NY"
"Eunice","Gocher","egocherqu5@google.fr","New York City","NY"
"Coralie","Godmar","cgodmarylr@merriam-webster.com","New York City","NY"
"Cassondra","Golthorpp","cgolthorpp4pc@vimeo.com","New York City","NY"
"Cherice","Gooddy","cgooddys8m@wired.com","New York City","NY"
"Ky","Gooddy","kgooddy5oo@weibo.com","New York City","NY"
"Danica","Goodey","dgoodey11wj@mozilla.com","New York City","NY"
"Sherwood","Gorcke","sgorckemj0@icq.com","New York City","NY"
"Malinde","Gosenell","mgosenellczp@stumbleupon.com","New York City","NY"
"Ebenezer","Gouda","egoudaewm@sitemeter.com","New York City","NY"
"Inesita","Gowland","igowland11i8@barnesandnoble.com","New York City","NY"
"Templeton","Graffham","tgraffhamail@goo.gl","New York City","NY"
"Henriette","Grcic","hgrcicy53@uol.com.br","New York City","NY"
"Derril","Greber","dgreber7uf@utexas.edu","New York City","NY"
"Melisande","Greenhead","mgreenheadtsp@youtu.be","New York City","NY"
"Nappie","Greenland","ngreenlandfey@cyberchimps.com","New York City","NY"
"Polly","Greenshiels","pgreenshielsa6z@yale.edu","New York City","NY"
"Marys","Grimstead","mgrimstead4a2@sohu.com","New York City","NY"
"Ly","Gripton","lgriptonfrh@canalblog.com","New York City","NY"
"Clevie","Grundey","cgrundeysa5@epa.gov","New York City","NY"
"Deerdre","Gull","dgullkhp@edublogs.org","New York City","NY"
"Hilliard","Gunnell","hgunnell11f8@intel.com","New York City","NY"
"Leif","Gunston","lgunston7e6@ihg.com","New York City","NY"
"Zaccaria","Gutcher","zgutchersle@scribd.com","New York City","NY"
"Maure","Gwillym","mgwillym93p@mit.edu","New York City","NY"
"Elane","Halfhyde","ehalfhydeqdr@patch.com","New York City","NY"
"Pauli","Halpine","phalpinebbl@miitbeian.gov.cn","New York City","NY"
"Fernanda","Haney`","fhaney1fn@geocities.com","New York City","NY"
"Thomas","Hardbattle","thardbattle3ir@slashdot.org","New York City","NY"
"Eldon","Hardwin","ehardwinaod@spiegel.de","New York City","NY"
"Mikaela","Harfleet","mharfleetyj1@hostgator.com","New York City","NY"
"Kyla","Hartle","khartlef2z@xrea.com","New York City","NY"
"Hersch","Haselhurst","hhaselhurstg5v@unc.edu","New York City","NY"
"Miner","Hassin","mhassinxys@apple.com","New York City","NY"
"Danice","Hasted","dhastedzj1@eventbrite.com","New York City","NY"
"Kory","Havenhand","khavenhand55e@europa.eu","New York City","NY"
"Irwinn","Hawket","ihawketz2s@moonfruit.com","New York City","NY"
"Giffer","Headon","gheadon2nm@toplist.cz","New York City","NY"
"Ayn","Hearse","ahearseec2@nyu.edu","New York City","NY"
"Nappy","Hearson","nhearson6wh@state.tx.us","New York City","NY"
"Davis","Hebden","dhebdenfwu@vistaprint.com","New York City","NY"
"Johanna","Hedworth","jhedworthdvl@mtv.com","New York City","NY"
"Urbain","Heffy","uheffy10f2@ning.com","New York City","NY"
"Nissie","Height","nheightgzj@upenn.edu","New York City","NY"
"Janella","Helbeck","jhelbeck5o4@chron.com","New York City","NY"
"Timothea","Held","theldsdw@about.me","New York City","NY"
"Yulma","Helling","yhellingsrk@alexa.com","New York City","NY"
"Killy","Hendrix","khendrixomp@smh.com.au","New York City","NY"
"Fenelia","Hercock","fhercocktkv@unesco.org","New York City","NY"
"Mark","Hilldrop","mhilldrop11ov@themeforest.net","New York City","NY"
"Alfredo","Hobbema","ahobbemaq0j@over-blog.com","New York City","NY"
"Carolann","Hodgen","chodgen7t2@blogs.com","New York City","NY"
"Merle","Hollier","mhollierlji@wisc.edu","New York City","NY"
"Roberto","Hollier","rhollierpkq@dion.ne.jp","New York City","NY"
"Lissy","Hooks","lhooks4vc@bloomberg.com","New York City","NY"
"Alidia","Houchin","ahouchinht4@yahoo.co.jp","New York City","NY"
"Tailor","Houlridge","thoulridge7pj@studiopress.com","New York City","NY"
"Albina","Hoys","ahoysol7@narod.ru","New York City","NY"
"Mame","Huke","mhuke76w@wordpress.com","New York City","NY"
"Whitaker","Hurkett","whurkettvyi@state.tx.us","New York City","NY"
"Jarred","Hyndes","jhyndes7er@simplemachines.org","New York City","NY"
"Shanta","Ibbitt","sibbittu59@chron.com","New York City","NY"
"Hedvig","Iddon","hiddonbi0@cloudflare.com","New York City","NY"
"Zabrina","Imlen","zimlenzje@liveinternet.ru","New York City","NY"
"Antonina","Impey","aimpey10tv@is.gd","New York City","NY"
"Liuka","Ingleton","lingletono99@theguardian.com","New York City","NY"
"Alphard","Insley","ainsleyq2y@angelfire.com","New York City","NY"
"Gabby","Ireland","gireland8ku@apple.com","New York City","NY"
"Marline","Isaq","misaq9kw@reference.com","New York City","NY"
"Clemente","Ishaki","cishakigft@cnet.com","New York City","NY"
"Kirsteni","Isted","kistedxqq@cbc.ca","New York City","NY"
"Dante","Itskovitz","ditskovitz68s@facebook.com","New York City","NY"
"Abel","Ivancevic","aivancevic84q@redcross.org","New York City","NY"
"Alli","Jacomb","ajacombjro@patch.com","New York City","NY"
"Melba","Jagger","mjaggernww@prlog.org","New York City","NY"
"Olga","Janaszkiewicz","ojanaszkiewiczgfr@dedecms.com","New York City","NY"
"Filberte","Jannequin","fjannequin9zq@sogou.com","New York City","NY"
"Meade","Jannex","mjannexkyi@ibm.com","New York City","NY"
"Lincoln","Jeacock","ljeacockfiv@networkadvertising.org","New York City","NY"
"Rozina","Jeal","rjealb9@howstuffworks.com","New York City","NY"
"Sergeant","Jeannaud","sjeannaudbo5@samsung.com","New York City","NY"
"Weidar","Jeffries","wjeffriesals@technorati.com","New York City","NY"
"Katey","Jellman","kjellmanvyb@scientificamerican.com","New York City","NY"
"Enrichetta","Jimson","ejimsonji8@merriam-webster.com","New York City","NY"
"Alejandra","Jinda","ajinda3hy@w3.org","New York City","NY"
"Jarid","Jiru","jjiruxsk@google.fr","New York City","NY"
"Bennie","Jizhaki","bjizhaki5zc@scribd.com","New York City","NY"
"Gaylor","Jochen","gjochend1j@123-reg.co.uk","New York City","NY"
"Dael","Joder","djodery5y@pagesperso-orange.fr","New York City","NY"
"Jocelin","Jonsson","jjonsson10ce@technorati.com","New York City","NY"
"Erena","Jorn","ejornydr@surveymonkey.com","New York City","NY"
"Zackariah","Josefsohn","zjosefsohntws@google.nl","New York City","NY"
"Sheffield","Jowle","sjowleew6@ftc.gov","New York City","NY"
"Tommi","Kearley","tkearleyyj5@gravatar.com","New York City","NY"
"Debbi","Kelcher","dkelcher3wg@vistaprint.com","New York City","NY"
"Cele","Kelsow","ckelsowo0v@sourceforge.net","New York City","NY"
"Claudie","Kemme","ckemmex9s@census.gov","New York City","NY"
"Rick","Kemsley","rkemsley11t6@oracle.com","New York City","NY"
"Jaymie","Kernaghan","jkernaghandtu@github.com","New York City","NY"
"Mayer","Kernocke","mkernockef6y@studiopress.com","New York City","NY"
"Zacharia","Keuneke","zkeuneke12d3@scientificamerican.com","New York City","NY"
"Allistir","Khilkov","akhilkovczy@seattletimes.com","New York City","NY"
"Melloney","Kimbell","mkimbellne6@sun.com","New York City","NY"
"Beverlee","Kindle","bkindle12gr@pbs.org","New York City","NY"
"Dulcie","Kinnie","dkinniega8@histats.com","New York City","NY"
"Tasia","Kippen","tkippen9za@facebook.com","New York City","NY"
"Cherida","Kirkhouse","ckirkhousew9m@1688.com","New York City","NY"
"Eduino","Kitchinham","ekitchinhamcpf@shop-pro.jp","New York City","NY"
"Vivyan","Kite","vkite3rf@i2i.jp","New York City","NY"
"Mort","Kleinzweig","mkleinzweigmqz@globo.com","New York City","NY"
"Pablo","Knok","pknokzkr@blogspot.com","New York City","NY"
"Elna","Knowlden","eknowldenq7h@census.gov","New York City","NY"
"Ellery","Kock","ekock33c@nifty.com","New York City","NY"
"Pierson","Koenraad","pkoenraadrey@wix.com","New York City","NY"
"Jozef","Kondratowicz","jkondratowiczgg4@quantcast.com","New York City","NY"
"Shanan","Konzel","skonzelz4c@hugedomains.com","New York City","NY"
"Ellswerth","Kopp","ekoppura@tumblr.com","New York City","NY"
"Sly","Korneev","skorneev8ro@usatoday.com","New York City","NY"
"Hillary","Kosel","hkoseluhg@gnu.org","New York City","NY"
"Xever","Kurth","xkurth7on@php.net","New York City","NY"
"Shalna","Labat","slabat8sh@t.co","New York City","NY"
"Kennett","Labell","klabellej2@google.ca","New York City","NY"
"Nappie","Labusquiere","nlabusquieres4n@sfgate.com","New York City","NY"
"Erin","Ladbrook","eladbrookshq@google.co.jp","New York City","NY"
"Nettle","Ladson","nladson8ul@sina.com.cn","New York City","NY"
"Emeline","Laise","elaisei90@harvard.edu","New York City","NY"
"Ellery","Lally","elallyhr8@vkontakte.ru","New York City","NY"
"Sunny","Lambell","slambellsml@icio.us","New York City","NY"
"Albie","Larham","alarhamdxi@sfgate.com","New York City","NY"
"Frederica","Laughrey","flaughrey11x5@bloomberg.com","New York City","NY"
"Agna","Le Maitre","alemaitre8zj@blogs.com","New York City","NY"
"Bogart","Lebond","blebondp9k@scribd.com","New York City","NY"
"Trenna","Leere","tleere299@nhs.uk","New York City","NY"
"Brannon","Leidl","bleidlraj@mozilla.org","New York City","NY"
"Maria","Leindecker","mleindeckermrn@netvibes.com","New York City","NY"
"Jessee","Lemmen","jlemmenf6c@google.co.jp","New York City","NY"
"Shelden","Lenthall","slenthallboo@fc2.com","New York City","NY"
"Sadye","Leuchars","sleucharsi7k@japanpost.jp","New York City","NY"
"Herta","Libby","hlibbynhh@deliciousdays.com","New York City","NY"
"Emerson","Lightbown","elightbowny26@twitpic.com","New York City","NY"
"Kaiser","Lilleycrop","klilleycrophhb@shutterfly.com","New York City","NY"
"Inesita","Lillo","ilillorqt@goo.gl","New York City","NY"
"Obie","Linn","olinnbli@booking.com","New York City","NY"
"Cari","Linner","clinnermvt@tmall.com","New York City","NY"
"Barbabas","Lissaman","blissaman87o@weather.com","New York City","NY"
"Alvera","Livzey","alivzeyu5s@fastcompany.com","New York City","NY"
"Fin","Lockney","flockneyiw5@histats.com","New York City","NY"
"Branden","Lodo","blodop2i@google.com.au","New York City","NY"
"Dermot","Lodwick","dlodwickpqw@wp.com","New York City","NY"
"Minnie","Lopez","mlopezqib@creativecommons.org","New York City","NY"
"Allix","Lothean","alotheanya4@homestead.com","New York City","NY"
"Danika","Lough","dloughabx@skype.com","New York City","NY"
"Cyrille","Loughran","cloughran285@omniture.com","New York City","NY"
"Bathsheba","Lovemore","blovemorezvh@indiegogo.com","New York City","NY"
"Alexei","Lowe","alowegjg@discovery.com","New York City","NY"
"Catlaina","Loyndon","cloyndonj9c@ihg.com","New York City","NY"
"Davis","Luckman","dluckmanyfr@baidu.com","New York City","NY"
"Abdel","Lurcock","alurcockpbb@github.com","New York City","NY"
"Letitia","Lyles","llylesh26@disqus.com","New York City","NY"
"Donielle","Lynes","dlynes1x4@mediafire.com","New York City","NY"
"Thelma","Lyte","tlytepqh@hhs.gov","New York City","NY"
"Romola","MacChaell","rmacchaell6bp@godaddy.com","New York City","NY"
"Sasha","Macconaghy","smacconaghyrjc@pcworld.com","New York City","NY"
"Town","Maccrea","tmaccrea5wx@purevolume.com","New York City","NY"
"Kaila","MacGillicuddy","kmacgillicuddy3nn@slate.com","New York City","NY"
"Kathye","MacGinlay","kmacginlayryq@quantcast.com","New York City","NY"
"Ali","MacIllrick","amacillrickhgd@php.net","New York City","NY"
"Lucita","MacKibbon","lmackibbon9q3@xrea.com","New York City","NY"
"Lindsey","Madsen","lmadsen1013@qq.com","New York City","NY"
"Milzie","Makeswell","mmakeswellsv5@nasa.gov","New York City","NY"
"Lucita","Malkin","lmalkin1274@topsy.com","New York City","NY"
"Harris","Mallebone","hmallebonegkz@mtv.com","New York City","NY"
"Hollyanne","Mallion","hmalliongop@un.org","New York City","NY"
"Gregoire","Marciek","gmarciek182@washington.edu","New York City","NY"
"Hobard","Mariet","hmarietw1g@histats.com","New York City","NY"
"Ennis","Marqyes","emarqyesq1r@bandcamp.com","New York City","NY"
"Kathlin","Mates","kmates12dp@so-net.ne.jp","New York City","NY"
"Diego","Mathie","dmathier13@vinaora.com","New York City","NY"
"Esta","Matteucci","ematteucciztn@reverbnation.com","New York City","NY"
"Nalani","Matthessen","nmatthessenyza@wikimedia.org","New York City","NY"
"Pall","Matthias","pmatthiasdmo@nhs.uk","New York City","NY"
"Sherie","Matthias","smatthiasbl8@guardian.co.uk","New York City","NY"
"Artie","Mattimoe","amattimoeux5@cdbaby.com","New York City","NY"
"Fredia","Maxwaile","fmaxwaile11ae@state.gov","New York City","NY"
"Nealson","Maytom","nmaytommmh@go.com","New York City","NY"
"Joelie","McAline","jmcaline1pu@csmonitor.com","New York City","NY"
"Junie","McAllen","jmcallenqrw@un.org","New York City","NY"
"Papagena","McAnellye","pmcanellye68i@si.edu","New York City","NY"
"Adriane","McCaffery","amccafferyaj8@weebly.com","New York City","NY"
"Arty","McCall","amccalloy4@drupal.org","New York City","NY"
"Sherrie","McClenaghan","smcclenaghanorw@bluehost.com","New York City","NY"
"Gwyneth","McCobb","gmccobbxm@addtoany.com","New York City","NY"
"Anne-corinne","McCole","amccole6q3@nationalgeographic.com","New York City","NY"
"Carolyne","McCrory","cmccroryh4d@usa.gov","New York City","NY"
"Hyacinthie","McElhargy","hmcelhargym9y@over-blog.com","New York City","NY"
"Verge","McElroy","vmcelroyhl1@tripod.com","New York City","NY"
"Haley","McFadin","hmcfadinxm4@ft.com","New York City","NY"
"Ced","McFarland","cmcfarlandfpd@nhs.uk","New York City","NY"
"Alister","McGahy","amcgahyfe9@cdbaby.com","New York City","NY"
"Dorry","McGinnell","dmcginnelljly@amazon.com","New York City","NY"
"Derry","McGiven","dmcgiven2ab@cornell.edu","New York City","NY"
"Caren","McGuigan","cmcguiganlzd@wix.com","New York City","NY"
"Liane","McKenna","lmckennaj65@issuu.com","New York City","NY"
"Dukey","McKissack","dmckissack8bk@va.gov","New York City","NY"
"Arnie","McMeekan","amcmeekanr6o@deliciousdays.com","New York City","NY"
"Helga","McMillan","hmcmillan8bq@sakura.ne.jp","New York City","NY"
"Aeriel","McMorland","amcmorland103m@elpais.com","New York City","NY"
"Molli","McNaughton","mmcnaughtonrit@shareasale.com","New York City","NY"
"Orin","McNerlin","omcnerlinse3@walmart.com","New York City","NY"
"Bobbie","McPaike","bmcpaike5qe@odnoklassniki.ru","New York City","NY"
"Pieter","McPhillimey","pmcphillimeyj3f@yale.edu","New York City","NY"
"Hugibert","McSpirron","hmcspirronfwb@hugedomains.com","New York City","NY"
"Rowena","Meaking","rmeakingtx0@ask.com","New York City","NY"
"Karlyn","Mechan","kmechanzpe@bigcartel.com","New York City","NY"
"Darrin","Meier","dmeier4g2@artisteer.com","New York City","NY"
"Adelbert","Mellish","amellish56f@themeforest.net","New York City","NY"
"Zollie","Mellish","zmellishuvi@ow.ly","New York City","NY"
"Odey","Menco","omencof8c@yolasite.com","New York City","NY"
"Trixie","Mennear","tmennear123l@i2i.jp","New York City","NY"
"Berky","Merdew","bmerdew9yk@nba.com","New York City","NY"
"Ciro","Merkle","cmerklechc@tumblr.com","New York City","NY"
"Frederich","Merrison","fmerrisonqpv@theguardian.com","New York City","NY"
"Gaynor","Merrison","gmerrison11s8@jalbum.net","New York City","NY"
"Clarette","Merryweather","cmerryweather3zy@sitemeter.com","New York City","NY"
"Felic","Michel","fmichelwl9@si.edu","New York City","NY"
"Rudolf","Minerdo","rminerdozvj@ft.com","New York City","NY"
"Eolande","Misken","emisken9i8@ucla.edu","New York City","NY"
"Axe","Mixter","amixter5ba@who.int","New York City","NY"
"Mona","Mocker","mmockerz4x@uol.com.br","New York City","NY"
"Lorin","Moizer","lmoizer91l@sphinn.com","New York City","NY"
"Desiree","Molesworth","dmolesworth7f2@newsvine.com","New York City","NY"
"Barbra","Molines","bmolinestsx@histats.com","New York City","NY"
"Misty","Molines","mmolineswnq@edublogs.org","New York City","NY"
"Dede","Morrell","dmorrell7j1@instagram.com","New York City","NY"
"Magnum","Mourton","mmourton11du@economist.com","New York City","NY"
"Dietrich","Muldownie","dmuldownieaco@mit.edu","New York City","NY"
"Analise","Mullany","amullany8vz@xrea.com","New York City","NY"
"Ervin","Mungin","emungin7ki@vistaprint.com","New York City","NY"
"Whitby","Murrum","wmurrumw6x@ehow.com","New York City","NY"
"Clemens","Naul","cnaulfsi@alexa.com","New York City","NY"
"Eirena","Neely","eneelytls@meetup.com","New York City","NY"
"Christy","Nelthrop","cnelthrop11lc@blogs.com","New York City","NY"
"Cybil","Noke","cnokecn@jigsy.com","New York City","NY"
"Jammal","Norssister","jnorssisterq1m@time.com","New York City","NY"
"Simonette","Nystrom","snystrom116f@fc2.com","New York City","NY"
"Brit","O'Corrigane","bocorriganepyt@geocities.com","New York City","NY"
"Danna","O'Dunneen","dodunneenmte@google.cn","New York City","NY"
"Jedediah","O'Moylan","jomoylangak@zdnet.com","New York City","NY"
"Ebenezer","Ondra","eondraxyb@quantcast.com","New York City","NY"
"Evy","Onthank","eonthankkr9@yelp.com","New York City","NY"
"Garald","Ortas","gortasoqs@yellowbook.com","New York City","NY"
"Maddy","Osbidston","mosbidstondb0@google.co.uk","New York City","NY"
"Shanon","Osbourne","sosbourne7yn@paypal.com","New York City","NY"
"Nikolia","Osipov","nosipovnfu@pen.io","New York City","NY"
"Dorri","Ovendale","dovendaleaof@google.com.hk","New York City","NY"
"Marilin","Page","mpageilc@etsy.com","New York City","NY"
"Cart","Pagram","cpagram6sf@issuu.com","New York City","NY"
"Madelon","Paice","mpaice85f@furl.net","New York City","NY"
"Sindee","Parfett","sparfettwnv@ezinearticles.com","New York City","NY"
"Karen","Parramore","kparramorelo6@imageshack.us","New York City","NY"
"Daffy","Patrono","dpatronompv@cornell.edu","New York City","NY"
"Allin","Pawlyn","apawlyn11gk@bandcamp.com","New York City","NY"
"Borg","Pawnsford","bpawnsford3of@addthis.com","New York City","NY"
"Pancho","Pedri","ppedrioml@google.com","New York City","NY"
"Neils","Pedrick","npedrick23s@icq.com","New York City","NY"
"Wilfred","Pendall","wpendallzeq@friendfeed.com","New York City","NY"
"Farlie","Peoples","fpeoplesxuk@sun.com","New York City","NY"
"Dionysus","Pepye","dpepyeuha@nhs.uk","New York City","NY"
"Christan","Petrelluzzi","cpetrelluzziva1@alexa.com","New York City","NY"
"Ralina","Petronis","rpetroniskp1@wiley.com","New York City","NY"
"Hulda","Petty","hpettyx0x@redcross.org","New York City","NY"
"Hetti","Pettyfer","hpettyfer4a7@php.net","New York City","NY"
"Raynard","Philo","rphilonhd@amazon.co.jp","New York City","NY"
"Lillis","Philot","lphilotaoh@shareasale.com","New York City","NY"
"Emilio","Pieper","epieperocg@hatena.ne.jp","New York City","NY"
"Liam","Pimm","lpimm24e@instagram.com","New York City","NY"
"Bordy","Pitkethly","bpitkethly2im@godaddy.com","New York City","NY"
"Jose","Pitson","jpitsonf08@merriam-webster.com","New York City","NY"
"Ruprecht","Plues","rplues1st@digg.com","New York City","NY"
"Jarrett","Pods","jpodsmja@opera.com","New York City","NY"
"Dalton","Polini","dpolinib3k@miitbeian.gov.cn","New York City","NY"
"Ronalda","Pollok","rpollokf4q@twitpic.com","New York City","NY"
"Jarrad","Pontin","jpontinuj4@godaddy.com","New York City","NY"
"Shaughn","Port","sportpwh@shop-pro.jp","New York City","NY"
"Reba","Poulett","rpoulett6ma@cocolog-nifty.com","New York City","NY"
"Joe","Pratley","jpratleywmc@amazon.co.uk","New York City","NY"
"Erin","Praton","epratongtp@cbsnews.com","New York City","NY"
"Kessiah","Prescott","kprescotthdw@amazonaws.com","New York City","NY"
"Henrik","Prichet","hprichetqvr@globo.com","New York City","NY"
"Urson","Propper","upropperq03@engadget.com","New York City","NY"
"Saxe","Provis","sprovis6et@dyndns.org","New York City","NY"
"Cybill","Qualtrough","cqualtrough11wh@vkontakte.ru","New York City","NY"
"Shelby","Quincee","squinceesf1@youtu.be","New York City","NY"
"Cheston","Rabjohns","crabjohnsnuq@scribd.com","New York City","NY"
"Nonnah","Raffin","nraffin5yq@ucoz.ru","New York City","NY"
"Parnell","Raffles","praffles11x2@wikipedia.org","New York City","NY"
"Zebedee","Rahill","zrahill1v9@multiply.com","New York City","NY"
"Auberon","Ramsay","aramsayrxh@paginegialle.it","New York City","NY"
"Teador","Reding","tredinghfh@youtube.com","New York City","NY"
"Bette","Reeman","breeman11sd@over-blog.com","New York City","NY"
"Tori","Reims","treims9qe@i2i.jp","New York City","NY"
"Austine","Revan","arevanr41@guardian.co.uk","New York City","NY"
"Jacky","Richens","jrichensxbi@seattletimes.com","New York City","NY"
"Boigie","Ringwood","bringwoodb39@opera.com","New York City","NY"
"Herve","Rispin","hrispin4bz@ustream.tv","New York City","NY"
"Riane","Rodson","rrodsonx7n@webs.com","New York City","NY"
"Albertine","Roobottom","aroobottom43z@youku.com","New York City","NY"
"Harris","Rossiter","hrossitere76@earthlink.net","New York City","NY"
"Faunie","Rothschild","frothschildwhl@bing.com","New York City","NY"
"Laverna","Rowler","lrowlerypn@sun.com","New York City","NY"
"Krystalle","Roylance","kroylancef1j@domainmarket.com","New York City","NY"
"Heindrick","Russilll","hrussilll3rq@dell.com","New York City","NY"
"Donia","Ryves","dryvespns@illinois.edu","New York City","NY"
"Melitta","Sacchetti","msacchettihqt@t-online.de","New York City","NY"
"Judah","Sainsberry","jsainsberry8z6@bloomberg.com","New York City","NY"
"Maren","Salmon","msalmonvae@cpanel.net","New York City","NY"
"Guillaume","Sambiedge","gsambiedgeaz4@blogger.com","New York City","NY"
"Gauthier","Samuel","gsamuelkfg@usnews.com","New York City","NY"
"Octavia","Sang","osang963@cisco.com","New York City","NY"
"Ber","Sanpher","bsanpher104d@mashable.com","New York City","NY"
"Roxie","Sansam","rsansam2tv@cnet.com","New York City","NY"
"Amalita","Savidge","asavidge6na@e-recht24.de","New York City","NY"
"Gorden","Sazio","gsazioekf@ovh.net","New York City","NY"
"Obadias","Scad","oscadrtj@adobe.com","New York City","NY"
"Normie","Scamal","nscamal7ra@bigcartel.com","New York City","NY"
"Nigel","Schnitter","nschnitterdis@mac.com","New York City","NY"
"Elsy","Schoenfisch","eschoenfischmlv@slashdot.org","New York City","NY"
"Lonee","Schonfeld","lschonfeld274@scribd.com","New York City","NY"
"Sybilla","Schrei","sschrei7xk@sourceforge.net","New York City","NY"
"Poul","Schruyers","pschruyersi4o@unicef.org","New York City","NY"
"Hilarius","Scorah","hscorahj9h@google.co.jp","New York City","NY"
"Noble","Scroggs","nscroggsjns@loc.gov","New York City","NY"
"Bibi","Seawright","bseawright3qw@paypal.com","New York City","NY"
"Dorine","Selesnick","dselesnickaue@microsoft.com","New York City","NY"
"Far","Semiras","fsemiras39w@theatlantic.com","New York City","NY"
"Tannie","Severs","tseverssiv@china.com.cn","New York City","NY"
"Merna","Shakesbye","mshakesbyeb94@oaic.gov.au","New York City","NY"
"Roosevelt","Shave","rshavensq@weebly.com","New York City","NY"
"Hamlen","Shaxby","hshaxby3gm@shinystat.com","New York City","NY"
"Georgeta","Sheryne","gsherynejyc@google.fr","New York City","NY"
"Ardis","Shirer","ashirerknu@tmall.com","New York City","NY"
"Albrecht","Shitliff","ashitliffm2q@fastcompany.com","New York City","NY"
"Griffy","Shoebridge","gshoebridgeztb@cnbc.com","New York City","NY"
"Yoshiko","Shorey","yshorey6q2@woothemes.com","New York City","NY"
"Daphne","Shrimplin","dshrimplinbhz@oaic.gov.au","New York City","NY"
"Flor","Siddens","fsiddensdy4@gizmodo.com","New York City","NY"
"Gare","Simoes","gsimoesp5v@unblog.fr","New York City","NY"
"Gallagher","Simonnot","gsimonnot825@merriam-webster.com","New York City","NY"
"Tarah","Skelding","tskeldingq65@google.com.au","New York City","NY"
"Pierce","Skeleton","pskeletoncf6@cnn.com","New York City","NY"
"Thalia","Skipsea","tskipseadnu@blogger.com","New York City","NY"
"Shaun","Smickle","ssmickleuf6@imgur.com","New York City","NY"
"Dredi","Smiths","dsmiths10g2@goo.ne.jp","New York City","NY"
"Yankee","Snar","ysnar10dw@moonfruit.com","New York City","NY"
"Stanislaw","Sokell","ssokellk8a@howstuffworks.com","New York City","NY"
"Lanni","Sommerville","lsommervilleecd@toplist.cz","New York City","NY"
"Erna","Sothcott","esothcottz9v@mayoclinic.com","New York City","NY"
"Stefan","Southwood","ssouthwoodjng@usatoday.com","New York City","NY"
"Anica","Sparey","asparey10jh@cdc.gov","New York City","NY"
"Katusha","Spawton","kspawtonx2e@alexa.com","New York City","NY"
"Layton","Spolton","lspoltondr@free.fr","New York City","NY"
"Aleta","Squire","asquirefgh@simplemachines.org","New York City","NY"
"Darcee","St. John","dstjohnkra@paginegialle.it","New York City","NY"
"Freeland","Stalf","fstalfltt@cisco.com","New York City","NY"
"Benny","Standage","bstandagest7@zdnet.com","New York City","NY"
"Guinevere","Steabler","gsteablerah6@si.edu","New York City","NY"
"Ronalda","Stife","rstifeas0@themeforest.net","New York City","NY"
"Abagael","Stirling","astirling50d@google.fr","New York City","NY"
"Geoffrey","Stoaks","gstoaksjkq@redcross.org","New York City","NY"
"Lauraine","Stobo","lstoboyea@live.com","New York City","NY"
"Linn","Stockey","lstockeyvr8@springer.com","New York City","NY"
"Ibrahim","Stoller","istollert0z@themeforest.net","New York City","NY"
"Frans","Storrah","fstorrahvhq@npr.org","New York City","NY"
"Bernardine","Stourton","bstourtonq0u@simplemachines.org","New York City","NY"
"Violante","Stowe","vstowel1u@dedecms.com","New York City","NY"
"Zachery","Straun","zstraunpnw@youtu.be","New York City","NY"
"Cher","Strettle","cstrettleu30@yahoo.co.jp","New York City","NY"
"Zelma","Stuehmeier","zstuehmeieroyn@domainmarket.com","New York City","NY"
"Shaughn","Suckling","ssucklingc9u@pinterest.com","New York City","NY"
"Andrey","Sussex","asussexmec@sphinn.com","New York City","NY"
"Burch","Suston","bsustono9r@webmd.com","New York City","NY"
"Damian","Suston","dsustonm2l@latimes.com","New York City","NY"
"Vida","Swafield","vswafielduf9@oaic.gov.au","New York City","NY"
"Bendix","Swettenham","bswettenhamwww@sakura.ne.jp","New York City","NY"
"Chester","Swithenby","cswithenbyd46@google.com.br","New York City","NY"
"Timotheus","Sword","tsword731@booking.com","New York City","NY"
"Mona","Tailour","mtailourn99@opensource.org","New York City","NY"
"Lacy","Tapin","ltapinj2h@behance.net","New York City","NY"
"Abey","Tapping","atappingc96@shinystat.com","New York City","NY"
"Linnell","Tawton","ltawton65g@vkontakte.ru","New York City","NY"
"Kile","Temlett","ktemlettomt@myspace.com","New York City","NY"
"Berkeley","Temple","btempleo0e@paypal.com","New York City","NY"
"Blinni","Thal","bthalt00@noaa.gov","New York City","NY"
"Starr","Thickin","sthickinuf7@discovery.com","New York City","NY"
"Whitney","Thirsk","wthirskxng@yandex.ru","New York City","NY"
"Timmy","Thorburn","tthorburnqwc@washingtonpost.com","New York City","NY"
"Wendell","Tieraney","wtieraney11d8@yellowpages.com","New York City","NY"
"Karlyn","Tilbey","ktilbeyjyj@epa.gov","New York City","NY"
"Carma","Tilling","ctillinggpg@uol.com.br","New York City","NY"
"Duncan","Tinklin","dtinklin6d8@huffingtonpost.com","New York City","NY"
"Hartley","Tinto","htinto89f@jigsy.com","New York City","NY"
"Franny","Tipping","ftipping110@skyrock.com","New York City","NY"
"Gusti","Tombleson","gtombleson229@vkontakte.ru","New York City","NY"
"Hagen","Tomczykiewicz","htomczykiewiczejd@woothemes.com","New York City","NY"
"Harwilll","Tomsen","htomsenj6b@latimes.com","New York City","NY"
"Irvine","Tongue","itonguea70@msn.com","New York City","NY"
"Adella","Topliss","atoplisso4p@cnn.com","New York City","NY"
"Hilary","Trask","htrask7dx@digg.com","New York City","NY"
"Ferris","Traynor","ftraynorbin@alexa.com","New York City","NY"
"Trixi","Trebilcock","ttrebilcocke3j@netvibes.com","New York City","NY"
"Ardyce","Trenholme","atrenholmeuxs@edublogs.org","New York City","NY"
"Casar","Triner","ctrinerz4r@bbb.org","New York City","NY"
"Clary","Trippett","ctrippett9w4@indiatimes.com","New York City","NY"
"Selig","Trousdale","strousdalelna@miitbeian.gov.cn","New York City","NY"
"Letta","Troy","ltroyw7r@ow.ly","New York City","NY"
"Suzy","Truelock","struelockype@yahoo.co.jp","New York City","NY"
"Ransom","Truesdale","rtruesdaleoe7@wiley.com","New York City","NY"
"Minetta","Trulocke","mtrulockezep@phpbb.com","New York City","NY"
"Averil","Trusslove","atrusslovehwo@fema.gov","New York City","NY"
"Casi","Trustey","ctrustey1pg@washington.edu","New York City","NY"
"Freeland","Tummons","ftummonsdqp@edublogs.org","New York City","NY"
"Julina","Tunnow","jtunnowtl8@google.co.jp","New York City","NY"
"Demeter","Twelftree","dtwelftree3sw@reddit.com","New York City","NY"
"Liam","Twyning","ltwyningniz@ebay.com","New York City","NY"
"Zak","Ugolotti","zugolottio7i@ebay.co.uk","New York City","NY"
"Timothy","Vallow","tvallowf8p@yelp.com","New York City","NY"
"Malina","Van Arsdall","mvanarsdall6qd@tmall.com","New York City","NY"
"Marla","Varey","mvareyvrw@newyorker.com","New York City","NY"
"Major","Vasyukov","mvasyukovluf@pinterest.com","New York City","NY"
"Magdalene","Veryard","mveryardss@behance.net","New York City","NY"
"Pansy","Vial","pvialhq4@tmall.com","New York City","NY"
"Barris","Vowell","bvowell882@mlb.com","New York City","NY"
"Goober","Wakeman","gwakemanszw@google.ru","New York City","NY"
"Ninon","Wales","nwaleshnt@multiply.com","New York City","NY"
"Hailey","Wallace","hwallace5ia@home.pl","New York City","NY"
"Homere","Walles","hwalles4y8@utexas.edu","New York City","NY"
"Kally","Wankel","kwankel63e@exblog.jp","New York City","NY"
"Kristofer","Wankling","kwanklinge4q@china.com.cn","New York City","NY"
"Morton","Wantling","mwantlinggt5@mozilla.com","New York City","NY"
"Zachery","Washtell","zwashtellzrc@cbslocal.com","New York City","NY"
"Waneta","Wasiel","wwasielhgq@chron.com","New York City","NY"
"Orel","Wastall","owastallywh@bloomberg.com","New York City","NY"
"Peri","Wedge","pwedge7zz@noaa.gov","New York City","NY"
"Mabel","Wetherby","mwetherbyokf@youtu.be","New York City","NY"
"Elspeth","Whistlecraft","ewhistlecraftr0p@creativecommons.org","New York City","NY"
"Bobina","Wickie","bwickieoc5@yahoo.com","New York City","NY"
"Noelyn","Wiggins","nwigginsv10@illinois.edu","New York City","NY"
"Nicolle","Wildbore","nwildborevbn@google.co.uk","New York City","NY"
"Meyer","Windrus","mwindrusn21@sohu.com","New York City","NY"
"Kort","Winsbury","kwinsburyqrh@devhub.com","New York City","NY"
"Merl","Wisden","mwisdenrcy@ihg.com","New York City","NY"
"Filmer","Witts","fwittsvjn@booking.com","New York City","NY"
"Isabelita","Wolfendale","iwolfendalee4p@netvibes.com","New York City","NY"
"Cherlyn","Wooddisse","cwooddissemai@ebay.com","New York City","NY"
"Gallard","Wooller","gwoollern4w@cdc.gov","New York City","NY"
"Shelden","Woollett","swoollett10d6@networksolutions.com","New York City","NY"
"Kipp","Woolmore","kwoolmoren74@mapy.cz","New York City","NY"
"Todd","Wych","twychwmh@shareasale.com","New York City","NY"
"Horacio","Wyd","hwyd5fr@tinyurl.com","New York City","NY"
"Filberto","Wyer","fwyerlm5@devhub.com","New York City","NY"
"Renato","Wyllie","rwyllieec6@pcworld.com","New York City","NY"
"Patrice","Yarker","pyarker5jv@diigo.com","New York City","NY"
"Rawley","Yegorov","ryegorovd3@google.es","New York City","NY"
"Maximilian","Yendle","myendlec48@cam.ac.uk","New York City","NY"
"Christophorus","Yokelman","cyokelmansud@ibm.com","New York City","NY"
"Michelina","Youdell","myoudellwbo@unc.edu","New York City","NY"
